Cluster,Luas Wilayah,Indeks Pembangunan Manusia (IPM),Harapan Lama Sekolah (Tahun),Rata-rata Lama sekolah (Tahun),Angka Partisipasi Sekolah (APS) Usia 7-12 (Persen),Angka Partisipasi Sekolah (APS) Usia 13-15 (Persen),Angka Partisipasi Sekolah (APS) Usia 16-18 (Persen),Angka Partisipasi Sekolah (APS) Usia 19-23 (Persen),Rasio Guru per Siswa,Persentase Penduduk Miskin (Persen),Pengeluaran Per Kapita Riil Disesuaikan (Ribu Rupiah),Persentase Rumah Tangga dengan Akses Air Bersih,Laju Pertumbuhan Penduduk per Tahun (persen),Kepadatan Penduduk per km persegi (km²),Gini Ratio,"Jumlah masyarakat miskin 
dan tidak mampu yang dapat
mengakses pelayanan kesehatan (orang)",Jumlah Penerima Bansos,STATUS BALITA GIZI KURANG BB,"STATUS BALITA KURUS  BB TB
","STATUS BALITA PENDEK TB U
",PRODUKSI PADI (TON),Rasio_Ketenagakerjaan,Jumlah Penduduk (Ribu)
0,1781.0526315789473,73.70842105263158,13.29,8.044210526315789,99.27684210526316,98.18105263157895,79.62736842105264,19.658947368421053,13.11,9.775789473684211,11752.526315789473,95.83526315789474,0.6889473684210526,838.0526315789474,289.76894736842104,131.1578947368421,2284.684210526316,38626.89473684211,26898.157894736843,26898.157894736843,399720.56315789477,15.745239880917683,489136.6052631579
1,150.9,81.053,14.73,10.595,99.435,98.965,85.863,33.431,15.443000000000001,5.117,15172.3,99.038,1.012,5237.2,361.7,89.0,1089.7,10919.7,7922.4,7922.4,27581.773999999998,13.388415758175842,248987.7
2,1383.8322222222223,69.65888888888888,12.922222222222222,6.608888888888889,99.25,96.08777777777777,68.09555555555556,14.915555555555557,10.645555555555555,14.979999999999999,10209.666666666666,93.47666666666666,0.7244444444444444,663.1111111111111,280.81666666666666,37.55555555555556,2785.3333333333335,19174.11111111111,14258.888888888889,14258.888888888889,155547.45333333334,28.21295550925041,321197.22222222225
